USE MATRICULA_PROYECTO
--***********************************************************************************************
--INSERTAMOS LOS DATOS DENTRO DE LAS TABLAS
--LOS DATOS INSERTADOS NO CUMPLEN CON UN ORDEN O ALGUN ACOMODE,PERO CUMPLEN CON EL OBJETIVO DE NAVEGAR ENTRE LAS TABLAS PARA LAS CONSULTAS

INSERT INTO ESTUDIANTES(CARNET_ESTUDIANTE,ID_ESTUDIANTE,NOMBRE,APELLIDO1_EST,APELLIDO2_EST,CORREO_EST,TELEFONO_ESTUDIANTE)
	VALUES('INA100','208280796','ANTHONY','RODRIGUEZ','VALVERDE','208280796@INA.CR','84200499'),
		  ('INA101','208200790','GABRIEL','VEGA','ARAYA','208200790@INA.CR','84288489'),
		  ('INA102','208200797','JIMENA','ROJAS','RODRIGUEZ','208200797@INA.CR','85288876'),
		  ('INA103','298280652','CHRISTIAN','NODAL','SOLIS','298280652@INA.CR','84288463'),
		  ('INA104','298900666','MELANY','CHAVARRIA','GUTIERREZ','298900666@INA.CR','84288467'),
		  ('INA105','298905461','JESSI','CHACON','MOLINA','298905461@INA.CR','84288461'),
		  ('INA106','298905463','CHRISTIAN','ORTIZ','URIBE','298905463@INA.CR','84288488'),
		  ('INA107','296605463','DAVID','SERRANO','SALAZAR','296605463@INA.CR','84289999'),
		  ('INA108','282605963','ASHLY','RODRIGUEZ','ALFARO','282605963@INA.CR','84283333'),
		  ('INA109','282605321','KENDALL','ARROYO','MATAMOROS','282605321@INA.CR','86285433')

INSERT INTO PROFESORES(ID_PROFESOR,NOMBRE_PROFESOR,APELLIDO1_PRO,APELLIDO2_PRO,TELEFONO_PRO,CORREO_PRO)
	VALUES  ('11111','Luis Ángel','Chacon','Zuniga','88881111','luis@ina.ac.cr'),
		    ('22222','Alonso','Bogantes','Rodriguez','88881112','alonso@ina.ac.cr'),
		    ('33333','Oscar','Pacheco','Vazquez','88881113','pacheco@ina.ac.cr'),
		    ('44444','Laura','Fonseca','Rojas','88881114','laura@ina.ac.cr'),
		    ('55555','Irene','Cruz','Fernandez','88881115','irene@ina.ac.cr'),
		    ('66666','Jimmy','Zuniga','Sanchez','88881116','jimmy@ina.ac.cr'),
		    ('77777','Nelson','Jimenez','Jimenez','88881117','Nelson@ina.ac.cr'),
		    ('88888','Rebeca','Aguilar','Navarez','88881118','Rebeca@ina.ac.cr'),
		    ('99999','Sady','Carrillo','Sanchez','88881119','Sady@ina.ac.cr'),
		    ('111110','Muricio','Cordero','Lizano','88881120','Mauricio@ina.ac.cr')

INSERT INTO LABORATORIOS(ID_LAB,DISPONIBILIDAD,DIRECCION_LAB)
	VALUES('A1','DISPONIBLE','PRIMER AULA CONTIGUO A LA ENTRADA'),
		  ('B2','DISPONIBLE','SEGUNDA AULA CONTIGUO A LA ENTRADA'),
		  ('C3','DISPONIBLE','TERCER AULA CONTIGUO A LA ENTRADA'),
		  ('D4','DISPONIBLE','CUARTA AULA CONTIGUO A LA ENTRADA'),
		  ('E5','DISPONIBLE','QUINTA AULA CONTIGUO A LA ENTRADA')

INSERT INTO DIAS_FERIADOS(COD_DIAS_FERIADOS,FECHA_FERIADOS)
	VALUES('FERIADO01','2023-04-11'),
	      ('FERIADO02','2023-07-15'),
		  ('FERIADO03','2023-06-16'),
		  ('FERIADO04','2023-05-01'),
		  ('FERIADO05','2023-09-15')

INSERT INTO CARRERAS(COD_CARRERA,NOMBRE_CARRERA,GRADO,CUPOS)
	VALUES('PROGRAMACION01','PRO_MOVIL','BACHILLERATO',20),
		  ('PROGRAMACION02','PRO_ESCRITORIO','BACHILLERATO',20),
		  ('PROGRAMACION03','PRO_WEB','BACHILLERATO',20)

INSERT INTO MODULOS(COD_CARRERA,COD_MODULO,CUPOS,NOMBRE_MODULO,MONTO,DURACION)
	VALUES('PROGRAMACION01','PROG_AND1',10,'ANDROID1',250.00,120),
	      ('PROGRAMACION01','PROG_AND2',10,'ANDROID2',240.00,110),
		  ('PROGRAMACION01','PROG_AND3',10,'ANDROID3',220.00,100),
		  ('PROGRAMACION01','PROG_AM',10,'APLICACIONES M',195.00,100),

		  ('PROGRAMACION02','LOGI_COM01',10,'LOGICA',225.00,140),
		  ('PROGRAMACION02','JAVA01',10,'JAVA',335.00,150),
		  ('PROGRAMACION02','PROG_OBJ',10,'PROG_OBJETOS',345.00,160),

		  ('PROGRAMACION03','HTML1',10,'HTML',185.00,90),
		  ('PROGRAMACION03','CSS1',10,'CSS',175.00,60),
		  ('PROGRAMACION03','JAVAS01',10,'JAVASCRIPT',180.00,70),
		  ('PROGRAMACION03','BOOT1',10,'BOOTSTRAP',185.00,90),
		  ('PROGRAMACION03','NODE1',10,'NODE JS',185.00,90);

INSERT INTO CERTIFICACIONES(COD_CERTIFICACIONES,NOMBRE_CERTIFICACIONES)
	VALUES('PROGRAMACION01','PRO MOVIL'),
		  ('PROGRAMACION02','PRO ESCRITORIO'),
		  ('PROGRAMACION03','PRO WEB')

INSERT INTO MODULOS_ABIERTOS(MODULO_ABI,COD_MODULO,ID_PROFESOR,ID_LAB)
	VALUES('PROG_AND1_A','PROG_AND1','11111','A1'),
		  ('PROG_AND2_A','PROG_AND2','33333','B2'),

		  ('LOGI_COM01_A','LOGI_COM01','55555','D4'),
		  ('PROG_OBJ_A','PROG_OBJ','88888','C3'),

		  ('HTML1_A','HTML1','77777','E5'),
		  ('CSS1_A','CSS1','111110','E5'),
		  ('NODE1_A','NODE1','66666','A1')
		  
INSERT INTO GRUPOS(ID_GRUPO,MODULO_ABI,NOMBRE_GRUPO,CUPOS)
	VALUES('GRUPO_A1','PROG_AND1_A','PROGRA ANDROID1_1',5),
		  ('GRUPO_A2','PROG_AND1_A','PROGRA ANDROID1_2',5),
		  ('GRUPO_A3','PROG_AND2_A','PROGRA ANDROID2_1',5),

		  ('GRUPO_B1','LOGI_COM01_A','LOGICA_1',5),
		  ('GRUPO_B2','LOGI_COM01_A','LOGICA_2',5),
		  ('GRUPO_B3','PROG_OBJ_A','OBJETOS_1',5),
		  ('GRUPO_B4','PROG_OBJ_A','OBJETOS_2',5),

		  ('GRUPO_C1','HTML1_A','HTML_1',5),
		  ('GRUPO_C2','HTML1_A','HTML_2',5),
		  ('GRUPO_C3','CSS1_A','CSS_1',5),
		  ('GRUPO_C4','CSS1_A','CSS_2',5),
		  ('GRUPO_C5','NODE1_A','NODE_1',5),
		  ('GRUPO_C6','NODE1_A','NODE_2',5)

INSERT INTO HORARIOS(ID_GRUPO,HORA_INICIO,HORA_FINAL,TOTAL_DIAS)
	VALUES('GRUPO_A1','7:00','9:00',2),
		  ('GRUPO_A2','12:00','16:00',3),
		  ('GRUPO_A3','12:00','19:00',4),
		  ('GRUPO_B1','9:00','12:00',3),
		  ('GRUPO_B2','10:00','13:00',2),
		  ('GRUPO_B3','17:00','19:00',3),
		  ('GRUPO_B4','7:00','13:00',5),
		  ('GRUPO_C1','13:00','17:00',5),
		  ('GRUPO_C2','8:00','15:00',3),
		  ('GRUPO_C3','13:00','16:00',2),		  
		  ('GRUPO_C4','14:00','17:00',3),
		  ('GRUPO_C5','12:00','18:00',4),
		  ('GRUPO_C6','16:00','19:00',3)
		  
INSERT INTO MATRICULA(NUM_RECIBO,CARNET_ESTUDIANTE,ESTADO_MATRICULA,USUARIO_MATRICULA)
	VALUES(1,'INA100','APR','ANTHONY'),
		  (2,'INA101','APR','GABRIEL'),
		  (3,'INA102','APR','JIMENA'),
		  (4,'INA103','APR','CHRISTIAN'),
		  (5,'INA104','APR','MELANY'),
		  (6,'INA105','APR','JESSI'),
		  (7,'INA106','APR','CHRIS'),
		  (8,'INA107','APR','DAVID'),
		  (9,'INA108','APR','ASHLY'),
		  (10,'INA109','APR','KENDALL')

INSERT INTO DETALLE_MATRICULA(NUM_RECIBO,MODULO_ABI,ESTADO_DM)
	VALUES(1,'PROG_AND1_A','MAT'),
		  (2,'PROG_AND2_A','MAT'),
		  (3,'LOGI_COM01_A','MAT'),
		  (4,'PROG_OBJ_A','MAT'),
		  (5,'HTML1_A','MAT'),
		  (6,'CSS1_A','MAT'),
		  (7,'NODE1_A','MAT')

INSERT INTO PAGOS(CARNET_ESTUDIANTE,COD_MODULO)
	VALUES('INA100','PROG_AND1'),
		  ('INA101','PROG_AND1'),
		  ('INA102','PROG_AND1'),
		  ('INA103','LOGI_COM01'),
		  ('INA104','HTML1'),
		  ('INA105','CSS1'),
		  ('INA106','PROG_AND1'),
		  ('INA107','PROG_AND1'),
		  ('INA108','LOGI_COM01'),
		  ('INA109','NODE1')


INSERT INTO CALIFICACIONES_EST(NOTAS_EST,CARNET_ESTUDIANTE,COD_MODULO)
	VALUES(78,'INA100','PROG_AND1'),
		  (86,'INA103','PROG_AND1'),
		  (83,'INA104','PROG_AND1'),
		  (75,'INA101','CSS1'),
		  (79,'INA102','NODE1'),
		  (92,'INA106','CSS1'),
		  (99,'INA101','HTML1'),
		  (77,'INA100','PROG_AND2'),
		  (87,'INA102','PROG_AND1'),
		  (89,'INA108','HTML1')

INSERT INTO CERTIFICADOS_PROF(COD_CERTIFICACIONES,ID_PROFESOR)
	VALUES ('PROGRAMACION01','11111'),
		   ('PROGRAMACION02','22222'),
		   ('PROGRAMACION01','33333'),
		   ('PROGRAMACION03','33333'),
		   ('PROGRAMACION02','11111'),
		   ('PROGRAMACION02','44444'),
		   ('PROGRAMACION03','44444'),
		   ('PROGRAMACION02','55555'),
		   ('PROGRAMACION03','66666'),
		   ('PROGRAMACION01','77777'),
		   ('PROGRAMACION02','77777'),
		   ('PROGRAMACION03','88888'),
		   ('PROGRAMACION01','99999'),
		   ('PROGRAMACION02','99999'),
		   ('PROGRAMACION03','111110')